0.3800378594107208,0.6435208277654761,-0.005416303635338552,-1.1305918496438518,0.09768988364547823,1.6010724488477583,-0.22539800661801596,-0.09121049080416788,0.4640672423736933,0.42881783319565764,-0.021681492491441197,-0.2024998154738865,-0.019358973486149424,-0.7299568415963205,0.2637046409578418,1.4002152710159472,-0.13229814569006437,-0.38267011075034113,0.05782920056123569,-0.14033047035476565,0.3197059454476164,-0.02926153574504625,0.20631173507589515,-0.524642095798678,2.1618624788073073,-0.06802898999860861,0.1605001355880792,-0.4296046565559938,1.4100353167574926,-0.4917048083905983,-0.19911659464668877,-0.07849354407511804,0.5975602145054033,-0.1268666881741984,-0.32159435542821785,1.0035490905706057,-0.10383692975197534,0.005437905867145709,-0.022308851532478066,-0.1052890261455622,0.18514408901021856,-1.050816220770742,-0.23907507913883616,-0.009418602281645509,-0.4649922401657969,0.63793889978593,0.352927847487728,-0.21356403354164832,-0.8709913155225324,0.9326504546982219,-0.04692641049103814,-0.4456408420257527,-0.9500179132394957,-0.05394206992490049,-0.2517780010395763,0.7784077548314247,0.16147417137306214,1.7330785514550775,0.2973891562879596,-0.13643365576073074,-0.177581231473594,-0.5045363030873282,0.41381949334506796,-0.13172806982157628,-0.035253297421947494,0.10558558466131832,-0.1019429407691426,0.3143966357847557,1.3320670492422746,0.21574694845871215,-0.16596015893425736,0.4169836558478823,-0.218556638858694,-0.5935898590803511,0.5642520522962873,-0.08066340582507686,-0.016889059393676187,-0.11671647343577156,-0.06663415640553932,0.047794412040251935,-0.1265580310865702,-0.5965973935134684,0.022483652537761974,-0.3481250054247656,0.009874261403830152,-0.766028026689568,1.8352260405522383,1.0163007008821237,-0.15124740734894584,-0.5485714474982024,-0.19452707229877172,-0.07282423397313824,-0.17289699169198364,-0.6057848036395742,-0.10060691356109917,-0.12514311532171826,0.0225758461945578,-0.31398135604833344,1.430921061659514,0.28874453718203513,-0.10765790237597486,-0.048819104198777746,-0.1989080547152405,-0.11483473073074217,-0.3839607217146626,0.7764150191700033,-0.16560513523115716,0.06626353322780108,0.750468644156587,-0.38217726176889116,-0.4013007173867419,-0.17718070443171888,-0.12265580362827064,-0.02479438988229382,-0.025876514582857547,1.0102632811660013,0.4861096104474718,1.265124448558351,-0.1343442741689663,0.2995933295428871,-0.27394842538928543,-0.13633468971907742,-0.07896264329421857,0.0035216493616549312,1.4642227744172607,-0.14838934889777827,-0.2646556253095175,-0.34335094077666756,-1.3827357129955191,-0.28739579225246614,-0.07522919541191368,-0.06324702335944314,-0.8364661467277793,0.09722480821878314,-0.2421384371930122,-1.3612440737684994,-0.013370737905179808,1.8346850487777593,0.00760289143161666,-0.8902639120222791,0.3106111946397546,-0.05311390544695838,-0.023629646423294997,-0.1574387115086485,1.4568351664136678,-0.17986730688401262,-0.5813850570602284,2.6216630542132715,-0.013980831111513346,0.15604163707030755
0.8282454004422831,-0.05100066931016325,0.2856037086283099,1.3793979435530401,-0.21614926013334126,-0.05974966250230009,0.6009377757800309,0.2172913705390129,-0.4378467665582686,-0.7769136616234427,-0.028145166844999986,-0.25442110876702206,0.0793242728393995,-0.3233770623555003,-0.36324897024435754,0.10973206085335309,0.2565421970362136,0.7715634587889475,-0.01058940305749385,1.315141575515351,1.7932445833736277,0.5290329837737912,0.10217191486956016,1.1094100805769278,-0.39078996814670125,-0.36532988959857143,-0.39560994716166564,-0.43440617700193174,-1.2308769794903645,0.22142180403080733,-0.4553335616963304,0.9924230101662507,-0.3211608430262185,0.3673644334078244,-0.07590599064819012,0.18121933779025187,-0.05645304300740757,0.05654227864912533,-0.7560959860991812,-0.2159162802395256,-0.2512767686939275,2.435883553535186,1.8059722815028916,-0.0020829551271379877,-0.13545592220979338,-0.0938070373780635,-0.3503067708175777,-0.2038535451443497,-0.6086923496354952,-1.2856865995966442,-0.4179610490522326,0.6929899283354184,1.1218786229216295,-0.0327492375743819,-0.3297244001829023,-0.26076567832312353,-0.297829619069697,-0.48695780639838365,0.5214929679533065,0.5084520546236742,0.14390035162835338,-0.2709982522827723,-1.3625531260904165,-1.1041499572047067,1.0782509109659417,-0.11454615563024954,-1.3705421438644476,0.15664673888215852,-0.7115377549465158,-0.4015468907495432,-0.027881195757130574,-0.11685601151997475,-0.24565085388574145,0.5454147871910098,-0.11160028010613844,0.4387014049843235,-0.00011042350694916995,-0.003893234099428918,-0.9107261176439633,-0.1491604439190444,-0.046065814109158054,0.06558564120464873,0.3104121363053911,0.1066104776053775,-0.4807760951528463,-0.9032388934200161,-1.330694651295853,-0.4231971811343075,-0.003755898774133054,-1.1438054589482565,-0.05615579919587823,-0.09696604339118858,-0.29546784852689145,-0.6221275173410764,0.12852253850917134,0.8643536269474792,0.004357054061473394,-0.24486650482498526,-0.5396454276624827,-1.0461917109310146,0.045284772087980235,0.3151027783271273,0.6979255287627698,0.12824353506928216,1.3224642984546275,-0.62123899187755,-0.5696100058492296,0.02016056656050429,-0.21258998994954525,-0.7564206836787439,-0.34866601346192316,-0.2000434822530874,0.9911444646048944,-0.01487777365809474,0.02200067943601377,-0.6239727096814396,-0.22247283712135346,-0.5526742211511735,0.3015231727871301,0.10390149734252847,-1.2128435249771858,0.14494402764354314,0.20058148292586744,-0.05430296108515239,-0.12177597219389599,-0.024891263125215984,-0.3030093172754052,-0.26939490423638934,-1.0551944850347135,-0.139478214695196,0.059447952053209914,-0.30757090851120933,0.39507830584783227,-0.2195095297011404,0.5155250182611427,-0.5917650645832309,0.08778349527628265,-0.9798249093825778,-0.3999908464753031,1.4550701624991753,0.2643387309103752,0.16475884181189684,0.1175580377719109,1.6385886313809346,-0.490830842107656,0.49594781694181694,-0.18545017890132875,-1.3360430713067561,-0.04538423036436552,0.7044396601178493
0.07214886343553428,0.01578795485635206,0.015588860000638641,0.9430326329603208,0.39172240943049963,-0.06696802617177118,-0.9893280156981801,0.1453030772885815,-0.9472242354764782,0.4922089919336788,0.03471211719722695,0.5643216823562135,0.39751050533834004,-0.25030325595427055,-0.707772246610022,-1.1550920318100333,-0.5338749434836254,-0.1773338667142518,-0.06049967420938101,0.09646170532586867,1.5247395789209133,0.05236248752329313,-0.18340541411206934,-0.4510343541865683,-0.5133521557381452,-0.561096508177617,-0.640520477410573,0.9027556512226497,0.01867523726344949,0.8639884823340868,-0.4425902186246128,-0.5156761817965885,0.2799490592902594,-0.2234184129144711,-0.49166248494706577,-0.007103290445169269,1.5459035173688236,-0.07658075711938671,0.3465056876057018,0.2399255701094692,0.10133849407969905,-1.1476972165624777,-0.020868397736756906,0.007291528785312626,-0.2303443407623104,-0.047005216468198774,0.7543377473201605,-0.4743935491610964,1.301084960867036,1.758494414705161,-0.4542880732173116,0.6756863297171609,-0.0023482200842199967,-0.16039415132211654,0.4035630170318533,-0.6575288709018783,-2.256953574661578,-0.9925444696542981,-1.918096575764011,-0.3665438778502562,-0.22555468284626592,-0.32437559275966427,-0.686528321587218,2.163162282140225,0.18689655551904572,-0.04564524305820814,1.0440932485347318,0.7461484654234247,-1.0837896676371177,0.403167957977459,-0.15032848859720446,0.4819194682915609,0.5369584597046658,0.5044254956730772,-0.21570344791085047,-0.06450826583399985,0.04458540851957233,0.5831878219683951,1.403720161778378,-0.05429975597183344,-6.184171589881573e-06,0.24850136145975832,0.08664917702612973,0.519406240991298,-0.4822976334483345,0.46785527492120965,0.21033227361382661,-0.10739151450900652,1.180189079368706,1.0330179322878643,-0.02215763784794017,-0.07911719307361072,-0.32680032313351276,0.23838649580650684,0.06256120563676776,0.14934140940042245,0.029879667809126202,0.18336186846571395,0.17868935030841643,-0.14750966368467314,-0.07928291698092628,0.05248127917241263,-0.3819857866343841,-0.25970958533182237,-0.9396003926208264,1.2230949257762112,0.46478801707985845,-0.16139396115879753,1.5958041830114524,1.8264874220404692,0.9920817667780505,-0.22002655640015967,-0.22970000648256997,0.13402151875735968,-0.003635462071229433,0.13188158833478753,1.6422640940080495,-0.2903064404065926,0.2690086498054723,-0.30986486942930075,1.309242384155862,0.5050806980305497,-0.08218226751435906,-0.06767707585184009,-0.38658377915272046,0.31094365060191625,-0.3257966119141296,-0.28869400286521757,-2.096407500087879,-0.3023887604448802,-0.04310898190624732,0.4877133371360521,0.20864334073685245,-0.46436218595822115,0.6381925979245413,-1.054630649707531,-0.0044001679553753795,-0.9738293129245711,0.8723372720549901,1.7791230751944833,0.3542371717215538,-0.012250960412752879,0.020596075898003628,0.1905249002927984,0.48051378297712666,1.4029300466885823,0.30518580557895975,2.080620186316031,-0.09943975043177662,1.2154229984545004
-0.7306124541199333,0.13643960428685484,-0.11859271191432995,1.9358550770460434,-0.8361038382339437,-0.3979919020428546,-1.1914061651939927,-0.3095070767501781,-0.4217350414713693,-0.28803200680135865,-0.035630200426182694,-0.008210680825345712,0.06642247367682136,-0.9416453464143836,2.073677890574238,-0.11433841559972917,-0.14762076483560782,-0.23629385857389484,0.04433321815978478,-0.12328774527337043,-0.5044245884613616,-0.1803848007711002,0.3012222053106626,0.8965122411185393,-0.21689681277820955,0.7759408509841433,-0.9512358385480792,-0.03527368579230265,-0.6128811714144967,-0.9040271947156967,0.5963693455736524,-0.020642046862361405,-0.25906073716543776,-0.2277413639611224,-0.23011712084360625,-0.11366008030886803,-0.2245024317222429,0.14848030148346844,0.5537256124093433,0.023258761018543357,-0.38214360464107533,0.5483834668519226,-0.2424415177217778,0.0265868143271159,-0.7219942437897734,0.14619079486371198,-0.46983543624309515,-0.32886362118717366,0.7643698050898543,0.6825812692925658,-0.9544737563642467,0.789385474177334,1.1401325348637141,-0.08973840992727049,0.04940287621017853,-0.8258307664858079,0.622419989795107,-0.14307553466205084,-1.2718034278038273,1.365717830669143,-0.15279465843398557,-0.9912122997352182,0.009257601291047498,-0.08807411228293072,-0.858911070005923,0.42264240702240763,-0.1757613554940276,-0.6469207920170457,-0.23457402179727718,-1.4545280528776126,1.243380716824297,-0.13257869555013502,0.057373913973654336,0.597413909714675,-0.3589980506040887,-0.20024680374411255,0.0003949906922077386,-0.08974701955944635,2.477078119658084,0.11780435439649735,-0.10243365508691518,0.46042623683204886,0.006841331732947576,-0.4396006761911543,-0.27301012723809553,0.6537256024865454,0.42387869895029423,0.8465986556832954,-0.572538905450882,0.6200603264558833,0.035725476839653214,-0.09230647944541984,-0.08265921182387011,0.2183538495923081,-0.17892409423044822,-0.24921670446700442,-0.009195101764059103,-0.21807396672965906,-1.3675824818088693,-0.8321347662893779,-0.09653718784695126,0.0779750613623305,0.15420020711461527,0.1381956769240336,-1.358570858541316,-0.7494312414317229,-1.0635713378779887,-0.041670839677345806,0.7833824866757784,2.117393214231869,0.34505312146071715,0.3225261810344375,-0.28047678454571096,0.002153225629222001,-0.014557559538374227,2.3665385668661183,-0.7345190244068055,2.7314715829264373,-0.20575261112366905,-0.024625599003262937,0.8912528351518167,-0.11999295918302888,-0.0336117956978492,0.2907340190224867,-0.3822319039236914,0.4508942876544683,-0.06846175530457821,0.7217756896333057,1.1478001574392531,0.4566020249622174,0.2072249776971301,-0.5655357058593667,0.24162756958559692,-0.06424005394447538,-0.17702354447389224,-0.5004053026504864,-0.006936019109882055,-1.1370810299091445,0.2866835614912371,-0.607744163352029,-0.14481736475797047,-0.08742542618774791,-0.05583601118360043,-0.5933782994105724,-0.8853088859254843,-0.23905041856644366,0.9863541697971075,0.08629324106445867,-0.16418550440184562,-0.06301889846116134
-0.1160391156368841,-0.43148553035202997,0.0038182908261503285,-0.9490769273982491,0.8640725562563851,-0.09301236329256518,0.6697255003401286,0.2018589399474729,1.334249770365423,-0.29083499684664804,0.004774261185310387,-0.1696988953454142,-0.977316756321579,1.2315340376964492,-0.6701396214209568,-0.35048544753117183,-0.06938366811061997,0.9822069376738224,-0.047969326469463225,-0.014039826715299233,-0.8643475456221992,-0.0017150798587729056,-0.1315320121061685,-0.02156683126323218,0.3158180525728478,-0.321299070826257,0.292178849076072,-0.11396110461568848,1.4675934146605139,0.6050963727729911,-0.20409474896259994,-0.03625060691026929,-0.3955344933974437,0.1404766685151999,-0.2915389697775997,-0.31284111763672934,-0.33337294380969174,-0.07548753459859579,0.16134822606509258,-0.10034162273087886,0.18229545966606828,0.4022742366263919,0.1355933575240633,-0.008667729219481887,1.4777547688682933,-0.17647871347429006,-0.3919555354960436,-0.19814072998788113,2.148411760015943,-0.5680322929509849,1.5925491252548944,-0.2518177860042737,-0.2974979734273805,0.06054817446160082,-0.23426976819678322,1.155442118737784,0.46696319601776076,-0.2876782900601674,0.3398807043388924,-0.8627602673011388,0.3931261811445044,2.1456467943919173,0.1434607147195697,-0.8951726827105648,0.6835959751005758,-0.10388778229520727,0.06750981181900864,0.982219245131503,-1.486751137179599,0.7891046483134362,-0.2413406541210008,-0.12772865251958393,-0.6865438065275123,-0.36328050487944125,-0.2590169294902416,0.13898337271145086,-0.008177054448838667,-0.02821439998530002,-0.6000701012857195,-0.2932386852624744,-0.28722752876314095,-0.4248773518351766,-0.03881291409492715,-0.19609844988857517,-0.43421379199040344,1.6509656515916518,-1.4444482185399363,-1.3026728099381508,-0.5759800379519459,-0.942485221581915,-0.2548408109674875,-0.1942440779266734,0.6234233243306863,1.1630735090132118,0.3145578059478548,0.0005459914336219915,0.0172146585769526,0.12667881882852344,-0.7059013649432098,2.3149825985027506,-0.08977707369240029,-0.054806470501399356,-0.2922461165080367,-0.19654103821370242,0.17326447395724617,1.3992840085188913,0.2970484241117293,0.03319540566047525,-0.8053505232101301,-1.6587553627785114,0.10493528692108403,-0.06023099492249571,-1.254457730471834,-0.02796855153771843,0.08542289783651932,-0.5546348032983942,-0.03917400467964854,0.0221908958287408,-0.6604290731577415,-0.09717783702087446,-1.7699298627128504,-0.15801233956423874,-0.040619337823394545,-0.8129219009707922,-0.19441357695336717,-0.1923745858306127,-0.015123402043187907,-1.728093929644741,2.7950557810908423,-0.13216539985092488,0.209726268148757,0.29396767614312025,-0.8565610240756308,-0.06597158732081936,-0.46678638141978374,1.784200744795492,-0.027677722773463816,1.301160838253572,0.3582059818502789,-0.9122366725934064,0.4048399487843164,-0.013184598354653684,0.12015888011082443,-0.3035792713535651,-0.26135215174532317,-0.38809502456225153,-0.6420672718352763,-0.5858072240395455,0.10817716714804672,-0.5121296169619256
-1.304273847423552,-0.8622477306792589,-0.008339584901871177,0.8800599668517991,-0.5985685723235673,-0.5157969843627289,0.7767956484011276,-0.387790266849141,0.5705829608095071,0.11909550179670653,0.1320630720424303,-0.512616238417435,-0.4756213369130187,0.4526730593088321,-0.6184945773890458,0.8883297007742488,-0.22940033750705502,0.4667092765863309,-0.03920669785487269,-0.32714461246411397,-0.9586230011372543,-0.07603608818487133,-0.06839336242886078,-1.4729325788649617,-1.990207151204213,-0.25260048582938155,-0.4765386865969526,-0.07595061899508007,-0.1383686810109114,-1.7409072363801996,0.41574691547833253,0.14048534278658698,-0.4780600906035876,0.48858814457111627,1.3535910260762716,-0.33413154076774526,-0.007739563776325701,0.11826586332242202,-0.435408922159606,0.16727438288424115,-0.10316787501779401,-0.14250602780160954,-1.1613157916009258,-0.03146896676639921,-0.06860463716063753,-0.23458541475554429,2.077621532717345,1.3981287389411217,-0.02036510148036067,0.19438584038299805,-1.4745244314101074,0.05421203837018892,-0.13510163911761483,0.30824914307856177,-0.10631249972693856,-0.34924714531569945,-0.6950568714984879,0.48286588343935877,1.3293309943245752,0.6783183668543704,0.5485386931779772,0.6107556007205922,-0.32119485623528704,-0.24915842346361758,-0.7024268302943173,0.029102721642574637,0.5044656294139644,-1.8569909575828811,0.21586435059503942,-1.523893506993841,-0.08549635993924043,-0.22114070429407098,0.21790842993002987,-0.03068149864240493,0.7888604530790015,-0.2943701631385364,0.04322211760125177,0.046273439078400876,0.9311366516239193,0.35151488526556435,0.1896081079795434,1.5050710826703302,-0.053491078543813644,1.0097273742042852,-0.3621904318861233,-0.7096344651622947,0.6397512813276086,0.09916417047576663,-0.09275771732188304,0.6169673933747422,0.1419583795776447,0.5918020364973465,0.07919123196742046,-1.3201856225455721,0.15226601003539963,-0.2363032753826881,0.07694799130511092,1.968585099857687,0.5316192246122863,-0.5632856534828093,0.4526060366824399,0.07076809815696616,1.6632639076615416,-0.03311862849982084,0.2656234198045837,-1.4581320928597228,0.04592749598753041,-0.17698362823463767,1.1057079345471652,0.6299323014374153,-0.15656335359574888,-0.19978567737685174,0.427408009887326,0.0065838044110950325,0.0014577043018742734,0.08788162275249309,-0.7714943618191097,-0.7071418004229075,-0.6810104672449172,-0.05748594506177885,0.6937892980728613,0.059460191026422776,0.15703262044210325,-0.7274762794011106,-0.975156120093237,-0.2846218785373532,-0.6532355711550213,0.7529982239706322,1.1535538406718764,-0.35013061996258166,-0.006305780217135034,0.6977066957457949,0.879926586022219,-0.25671146567199493,1.3283836696692184,0.8785630179436029,-0.03490035406977058,0.32416448670014403,-0.6914445986310604,-0.8079590985281375,-1.7111504031005178,0.10767161617919896,-0.02553184133782424,0.39462119434149107,-0.9447727374903074,-0.5133373024974844,-0.6198233304205214,-0.15996083665165334,0.3216670858757172,0.22638446107198826
0.30884983536862115,-0.345766657928168,0.012052574171427875,-0.7340067650609837,0.1358265175256917,-0.09210240100643863,0.05180713079193908,-0.18149419730275573,1.4473862555386539,-1.4063516952566575,-0.04159612191144383,0.04945029045413926,-0.13905663338568375,0.07031189042267158,0.47190123074084833,2.328350116693057,0.6513570666395291,-0.6557411757872947,0.04087030645162637,-0.1065216160693248,0.059311410131529574,-0.0788329879015452,-0.052521349717243926,-0.7107485078214373,0.5920783761118308,0.012917385810716251,1.8818568044618513,0.37138061333520406,2.011520558256795,0.0424944122399554,-0.5149908296175316,0.17412292769179355,-0.1370899200826801,-0.19303181167642422,0.47196902981000294,-0.2054225472987125,0.1298132644437824,-0.036710641251397384,-0.4858409650736066,0.016834060089393612,0.05745450362570477,0.13848484966663296,-0.37696553672973393,0.004097570359346507,-0.16519369458091532,0.45541098161923055,-0.3038701598560674,-0.182382313855753,-0.3990679142889632,2.6108829073559283,-0.7036289042026258,-0.5998703678814972,-0.8521777214882055,-0.11382043622147989,-0.2107186423049947,-0.6571588805304961,-0.5244828889020909,0.4270030226970641,-0.11348061406802779,0.11674923932628989,0.31298621338866345,-0.6243430856531157,1.1845161739096617,1.1390451561525186,0.6338043172115077,0.34496854165950624,0.849614564397706,-0.2716327763764489,-0.7485376926126168,1.383376543233646,-0.10547300271544367,-0.1458628059437511,1.3899136816248858,-0.10595884896931206,0.29194447679963137,-0.026749664841633942,-0.002127934599616386,0.10972336620079452,-1.2010225526202634,0.3042436598346353,0.25129363787999814,-1.2939051572077538,-0.08604141956931935,-0.03142040241475581,1.0222386857043921,0.01724984847993325,0.4881104909236572,-0.03451119555197934,0.6519157988347559,-1.5833466887781282,0.37389424793414205,0.010795106890689568,-0.45761191936007467,-0.6375701267747779,0.08930899587958009,-0.2669999485688684,-0.02173596896912674,0.9722035167887757,0.5016556432826926,0.6696291189653548,0.034419430434278656,-0.09708939857850203,-0.44137255094967487,0.14287631455632113,0.6285633048292217,1.021619068735995,0.9324408095127344,0.47599533563066204,-1.4114480012066046,-1.0705303301200673,-0.2795480448540304,1.068834013086561,2.1447913556263787,-0.06098008972609536,-0.006925751941136006,-0.6879578473646872,-0.17591447734413804,-1.3830390718967374,0.002315652090299897,0.5386094713784092,-1.651963144634456,0.05335216597635739,-0.08235467816078137,-0.19177425289153735,-0.08126936182889667,-0.45583672909689643,0.25776676133663373,0.1192972138114814,-0.6667399576125587,0.31390102285658844,-0.1767478522812792,-0.34266910299058884,0.8916403263323694,1.5601878130636608,-0.4915812351216091,-0.9877092531322583,-0.002478686620779502,-0.8760833618382052,-0.35725121726180803,1.3918934322752574,0.07341701692343579,-0.04726457209654365,-0.09062256312879347,1.15876824098843,0.2299594487123961,-0.6205276439044052,-0.7644623843906282,-0.7587804818385715,-0.00984604235913671,-0.34287459653560026
0.03932456138200353,0.16306541362332436,-0.054382097250876046,-1.804553208794769,-0.5871950336244354,0.19095057966341888,0.4938117453467554,-0.01746287053076037,0.20746174787741298,1.4441193493733135,-0.015564179369772418,0.4184465880220451,-0.2364011965810034,-0.2972808239918046,-0.6594725392217399,-0.8120022846168099,0.12916691569719546,-0.5593913568942663,0.03161773983733421,-0.2537623446713137,0.23012664449436834,-0.15326105825976874,-0.032122955778207986,0.14494939490810504,0.17967382170789686,-0.25641223371614213,0.13446401450414192,0.10886408670365814,-1.9974928346573306,2.044264640968012,-0.17148145041926494,-0.21415000951289312,1.292743742572764,-0.017380022472104288,0.24708897121085863,-0.08394443575520955,0.2590888397277075,-0.05960083053940402,0.5546605194227943,0.17811009412263595,-0.2950692566900915,-0.3966869675890212,-0.07582972689746806,0.08646599236958347,0.38499456010949096,-0.19017209920853867,-0.5143878170371591,-0.038999457704752265,-0.272607965502295,-0.6767498881041984,1.3769808853608279,-0.17806644952608672,-0.6377476397948522,0.10331998371960044,0.9294776025228185,1.1808116093814012,2.2441769123243427,0.5781700979933685,-0.39113995824511616,-0.7856924149058941,-0.36456350334007825,0.5869582003206282,0.7250643586614312,-0.47477961118394396,0.7158099995919146,-0.09143411529653026,-1.258810087019739,-0.12137772703161887,0.9220211138544357,1.2789950574407254,-0.3040934822824127,-0.07140722456459804,-0.2858687659327308,1.7004933687559105,-0.016792538338236622,0.14201385606716996,0.026207760648295744,-0.016985714946461686,-0.5459538183616605,0.15580629824310002,1.0575148699544903,0.20753266647816862,-0.018745533032381786,-0.04990372823393674,0.17951639372369604,0.22361931922630526,-0.7836271490925957,-0.42314037993475206,-0.00839452953605227,2.7558968602366143,0.002999061168124215,0.794421995104928,0.3255108207056737,0.6262594147040056,-0.14200162184481951,0.11074051833244507,-0.03130167073919634,-1.4384101829207678,-0.699290555840495,-0.9045022982647941,-0.11731798788255576,-0.07932675349929572,-0.29192771604666845,0.3610888741179587,-0.46009281719559225,-1.0613970994625181,1.8932534748740044,0.20042435340042494,-1.2016571791595012,1.1881727351458276,-0.1688603425251916,0.2524307349212051,-0.9487141600856327,-0.02664549527988505,-0.004575851184241607,0.49994406219426196,-0.1747700722337312,0.42951943982667307,1.073165551880013,-0.09690199755990311,1.46799223303598,-0.08449779635116741,-0.06343029000557912,0.7853358534307295,0.297117283321109,-0.19024995511870765,0.41558321374038776,-0.13660453279960127,-1.0660005677272013,-0.01919409158267304,0.13377655133724287,-0.2646420161736335,-0.7492077463568892,-0.1407660588000955,-0.1996597522536098,0.1368469936998091,0.042695809303162434,2.010526019028613,0.6720830356128535,0.7808803352047293,-0.04821738587424755,0.09509531929850545,0.0664030411931397,-0.6508758328581289,-0.12876206190199307,1.3183969560257929,0.8181719529943144,0.05493145883665274,0.39417047921453335,0.2709964806973325
0.8251473288482067,0.29662917575275705,-0.04053343004953614,-0.37871792905275947,-0.12230475848298351,-0.4270627876772284,-0.699671553241153,0.34574106904845214,-0.47484586563097075,-0.22553172384147105,-0.032101070267284246,0.34432912955393735,0.1409999969804118,-0.05418494865833501,-0.18690321314031458,-2.1697678475948665,-0.14127738121636152,0.10435557455800201,0.021701160912108552,-0.32172496219563995,-0.6027665816573801,-0.03293657787047933,-0.04359061996820706,0.9102366736083174,-0.5850355220085112,1.127660806852052,0.20435368510463675,0.0032775124408820715,-0.05671212343671433,-1.1769065119858038,-0.16893906022978028,-0.32617627014478745,-0.17077406676526516,-0.2920629963803723,-0.3175115371075903,0.007984883440704017,-0.7917011450207169,-0.10619039611992116,1.3946335065763409,-0.14737152547871027,0.4461569531966279,-0.4283601203633463,0.025018000116420983,-0.019238479116807053,-1.2091857124037033,-0.418696894067407,-0.41505957085531514,-0.3803082952741431,-0.4490530555085897,-2.0689819968806233,0.9555537896106756,-0.6186067831877049,0.6984607466121401,-0.05898754341945546,-0.22665961434796436,-0.1951959513731355,-1.7431054635854626,-0.5402395244755316,-0.7725139888778016,-0.492560858070914,-0.9847354566441655,-0.29331110129971466,0.4962716678960951,-0.4957653818926967,-1.4243416356583323,-0.24520020908934767,-0.6051162500897584,0.08695064841135891,-0.14773304768048962,-0.677218100752517,-0.3746688227074287,-0.15960531410468942,-0.3197470160752912,-0.67974308595343,-0.33201473835446504,-0.056386552550847305,-0.016788157980274106,-0.2574695518912992,-1.0034841935231,-0.24257393793506601,-0.022301356111945708,0.764338386079756,-0.19325459988403285,-0.4885925781341511,-0.08914424919764945,-0.6351935884489666,0.8423664411957404,0.5515616117957378,0.4363474199838144,-0.6700437981692295,-0.12651299271152022,-0.3306194901037996,-0.02935523360190982,0.5775302458275998,-0.25946142830294383,-0.11912730185386822,-0.011723399901228893,0.05346343210517449,0.7951159189070215,-0.9068550646891215,-0.1136171659154623,-0.20305789553868686,-0.8528512026102673,-0.09139303104135764,0.3023637752694955,-0.9477487086796201,-0.47102213982778207,-0.23018644008654238,-0.7833185098094222,-0.34180250704680815,-0.5434351674474756,-0.4529433286096748,0.20380931183874018,-0.0397927463435409,-0.026535873601177908,-1.923967685729415,0.38369072303464913,1.1773210105833358,-0.7483096644175778,-0.19023857451538218,-0.17173908709077562,-0.2151365439083913,-0.016987180541553043,-0.5436437434076984,0.2193614779423807,1.0055744395526947,-0.2656332501621458,-0.6577060134274132,-0.9815942485164423,0.025713019951414933,-0.08711712818203537,-0.04706141572601843,0.8891713311411729,-0.22300588474382604,-0.52948363078213,1.2848621858494906,-0.017251135656986983,-0.8454996617362905,-0.37819854414788984,-0.9221985109612345,0.8450266901068129,-0.179562301978896,-0.007727806219511656,-1.2448848378831434,0.7905325835342748,-0.14204733445552173,0.03713956077657701,-2.0708754043237945,-0.2146630808162145,-1.1077636888315683
-0.315758199089714,0.4943186076555304,-0.04758041788783314,-0.14334261904194454,0.8412873571967434,-0.1645934895395003,0.4752320383891785,0.04339771662728128,-1.758138889485674,0.46784944536601714,-0.022307038690719243,-0.21444610111262224,1.174647972322897,0.8825390391164335,0.38693080653252626,-0.11187483770690608,0.1861786194113335,-0.32372100422390065,-0.03776338426666082,-0.14664535112590657,-0.9784138025769626,-0.04254419015235624,-0.1000641445989064,0.13849121126658365,0.41786115338752267,-0.09124005097957627,-0.2621227480536959,-0.2887577173732603,-0.8908853547711882,0.5402427519735237,1.173176400810215,-0.16466191601313218,-0.4411201008198624,0.03317304333230518,-0.3708563778487071,-0.12985899424514108,-0.39444240570759415,0.005076530575836259,-1.2920300878636692,-0.11666571600628299,0.05562725397837994,-0.3845070639714003,0.15658190693233512,-0.03724568592736627,1.075124568031576,-0.05564953998831184,-0.7598313436588386,0.6536590717037021,-1.5607117760194682,-1.5476129238478373,0.13105137229360464,-0.13656078776430777,-0.0651457493561196,0.07955951332080485,0.03154117580827178,-0.1881658599404891,2.0124861972339123,-0.7119331158450156,1.9516764473567665,0.0038273577115919277,0.5024568466962377,-0.37281917833594286,-0.5509355869972761,0.1573865993386278,-0.34110623475495583,-0.2897769329786313,1.0510377689713726,0.6074036931688949,1.959266584376512,-0.0020490884646602193,0.20491691780320498,0.0731780834174834,-0.46205762984425436,-1.5469841430461047,-0.3262136794553698,0.035258215195306655,-0.09878604447659457,-0.2192302010028095,-0.4879853777376832,-0.26462815186661093,-0.8997399443329885,-0.9178388393104978,-0.043398974452256864,-0.002650392001920383,0.8782748329728491,0.01627547141572947,-0.8361116486871334,-0.2420994320339153,-0.8835525720297326,-0.17200546876686404,0.1613993948416908,-0.48582420973621787,0.31053648929781136,0.37534170250178067,-0.06312393418703306,-0.06478045844317348,-0.06104227522014478,-1.0903192774633566,-0.12487318019101636,1.113370872119842,0.0780921854253478,-0.04822335632529563,-0.06879093794753643,-0.07632828275385284,0.4244393194125393,0.42442412583208816,-1.3379282738732612,-0.1465256217500765,0.2071643999618636,-1.5368245522261899,0.43206324255448963,-0.35332278927177596,-0.9115679436253952,0.025219074862768854,-0.05728095554648667,-0.24514089309963832,-0.39528811119572477,-2.6817539028979924,0.7579173485225312,-0.15195010241786833,0.6940931905128382,-0.07414634187575521,0.026319286494207485,1.3299074875456423,0.13955614222652715,-0.44048235228394145,1.1538284948003867,1.8677536243372954,2.181420599989327,0.433268755795142,-0.23002857135070792,0.08696658025993803,-1.052653258323003,-0.16130337949906648,-0.34876692273346793,0.37727439934358814,-0.04236959366123155,-0.6103413532069253,-0.3459359687188579,-1.3474548024624589,-0.328958016616892,-0.016355951068684975,-0.15270843835001147,-0.42885001239334364,-0.2742747704987518,-1.1724054701003452,0.6948198437319033,0.048736856484460085,-0.2659493829692642,-0.49147445363153525
